table,column,dtype,null_pct,cardinality,date_range
department,department_id,int64,0.0,11,
department,department_name,object,0.0,11,
department,department_type,object,0.0,3,
department,floor_number,int64,0.0,5,
department,status,object,0.0,1,
admission,admission_id,int64,0.0,45000,
admission,admission_date,object,0.0,2192,"('2020-01-01 00:00:00', '2025-12-31 00:00:00')"
admission,discharge_date,object,0.0,2203,"('2020-01-02 00:00:00', '2026-01-12 00:00:00')"
admission,admission_type,object,0.0,2,
admission,admission_status,object,0.0,1,
admission,patient_id,int64,0.0,23275,
admission,department_id,int64,0.0,6,
admission,ward_id,int64,0.0,27,
admission,bed_id,int64,0.0,145,
admission,disease_id,int64,0.0,20,
billing_detail,billing_detail_id,int64,0.0,112402,
billing_detail,charge_type,object,0.0,4,
billing_detail,reference_id,float64,59.96512517570862,145,
billing_detail,amount,int64,0.0,31815,
billing_detail,bill_id,int64,0.0,45000,
patient_insurance,patient_insurance_id,int64,0.0,21617,
patient_insurance,policy_number,object,0.0,21613,
patient_insurance,coverage_percentage,int64,0.0,5,
patient_insurance,policy_start_date,object,0.0,4,"('2020-01-01 00:00:00', '2022-12-31 00:00:00')"
patient_insurance,policy_end_date,object,0.0,6,"('2020-12-31 00:00:00', '2025-12-30 00:00:00')"
patient_insurance,patient_id,int64,0.0,18000,
patient_insurance,insurance_provider_id,int64,0.0,50,
bed,bed_id,int64,0.0,415,
bed,bed_number,object,0.0,415,
bed,bed_status,object,0.0,2,
bed,ward_id,int64,0.0,27,
disease,disease_id,int64,0.0,20,
disease,disease_name,object,0.0,20,
disease,disease_category,object,0.0,11,
billing,bill_id,int64,0.0,45000,
billing,bill_date,object,0.0,2203,"('2020-01-02 00:00:00', '2026-01-12 00:00:00')"
billing,total_amount,int64,0.0,32874,
billing,insurance_covered_amount,float64,0.0,32763,
billing,patient_payable_amount,float64,0.0,39533,
billing,payment_status,object,0.0,2,
billing,payment_mode,object,0.0,4,
billing,admission_id,int64,0.0,45000,
staff_assignment,assignment_id,int64,0.0,207,
staff_assignment,employee_id,int64,0.0,207,
staff_assignment,ward_id,int64,0.0,27,
staff_assignment,shift,object,0.0,3,
drug,drug_id,int64,0.0,250,
drug,drug_name,object,0.0,142,
drug,brand_name,object,0.0,250,
drug,drug_category,object,0.0,8,
drug,unit_cost,int64,0.0,192,
drug,manufacturer_id,int64,0.0,172,
patient,patient_id,int64,0.0,30000,
patient,gender,object,0.0,3,
patient,date_of_birth,object,0.0,19760,"('1935-02-09 00:00:00', '2026-02-04 00:00:00')"
patient,blood_group,object,0.0,8,
patient,city,object,0.0,17836,
patient,contact_number,object,0.0,30000,
doctor,doctor_id,int64,0.0,98,
doctor,employee_id,int64,0.0,98,
doctor,specialization,object,0.0,9,
doctor,qualification,object,0.0,4,
doctor,experience_years,int64,0.0,34,
employee,employee_id,int64,0.0,500,
employee,employee_name,object,0.0,499,
employee,gender,object,0.0,2,
employee,role,object,0.0,5,
employee,employment_type,object,0.0,2,
employee,date_of_joining,object,0.0,477,"('2011-02-23 00:00:00', '2026-01-22 00:00:00')"
employee,department_id,int64,0.0,11,
diagnostic_test,test_id,int64,0.0,9,
diagnostic_test,test_name,object,0.0,9,
diagnostic_test,test_category,object,0.0,2,
diagnostic_test,standard_cost,int64,0.0,9,
diagnostic_test,department_id,int64,0.0,2,
ward,ward_id,int64,0.0,27,
ward,ward_name,object,0.0,27,
ward,ward_type,object,0.0,4,
ward,total_beds,int64,0.0,3,
ward,department_id,int64,0.0,6,
patient_diagnostic,patient_diagnostic_id,int64,0.0,63269,
patient_diagnostic,test_date,object,0.0,2202,"('2020-01-01 00:00:00', '2026-01-10 00:00:00')"
patient_diagnostic,result_status,object,0.0,2,
patient_diagnostic,admission_id,int64,0.0,31512,
patient_diagnostic,test_id,int64,0.0,9,
patient_diagnostic,doctor_id,int64,0.0,50,
drug_inventory,inventory_id,int64,0.0,250,
drug_inventory,current_stock,int64,0.0,218,
drug_inventory,reorder_level,int64,0.0,151,
drug_inventory,inventory_status,object,0.0,2,
drug_inventory,last_restock_date,object,0.0,234,"('2020-01-11 00:00:00', '2025-12-25 00:00:00')"
drug_inventory,drug_id,int64,0.0,250,
drug_manufacturer,manufacturer_id,int64,0.0,300,
drug_manufacturer,manufacturer_name,object,0.0,295,
drug_manufacturer,country,object,0.0,5,
drug_manufacturer,reliability_rating,float64,0.0,15,
drug_manufacturer,contract_status,object,0.0,2,
insurance_provider,insurance_provider_id,int64,0.0,50,
insurance_provider,provider_name,object,0.0,50,
insurance_provider,provider_type,object,0.0,2,
insurance_provider,contact_details,int64,0.0,50,
insurance_provider,coverage_limit,int64,0.0,7,
prescription,prescription_id,int64,0.0,73109,
prescription,dosage,object,0.0,2,
prescription,frequency,object,0.0,3,
prescription,duration_days,int64,0.0,12,
prescription,admission_id,int64,0.0,29287,
prescription,drug_id,int64,0.0,250,
